Workbook

Sheet 1.발주접수
B4: 발주접수 | F4: 발주의뢰
B5: 발주의뢰처 | C5: 피앤지 | F5: 발주수신처 | G5: 프로화이어(차열)
B6: 발주접수 | C6: 46161
B7: 납품희망일 | C7: 46163
B8: 현장명 | C8: 현장명
B9: 납 품 장 소 | C9: 납품장소
B10: 주 소 | C10: 주소
B11: 인수자 | C11: 인수자
B12: 인수자 연락처 | C12: 010-1111-1111
B13: 현장요청사항 | C13: 비고
B14: 납품처 | C14: 납품처
B17: NOTE
B18: 발주 후
B19: 1. 수주현황 에 입력
B20: 2. 프로화이어에 접수 유무를 확인
B21: 3. 거래처에 접수 현황 알림

Sheet 2-1.차열재 계산식
A2: 차열재 계산식 — 현장명 (2026-05-19)
A4: ▶ 입상
A5: ■ 50T×400 (1·2단)
B6: 공식: 둘레(mm) × 2 × 수량 → 롤 수: 총 길이 ÷ 3,600mm/롤
B7: 치수 (mm) | C7: 수량 | D7: 계산식 | E7: 길이 (mm) | F7: 롤 수
B8: 250×650 | C8: 1 | D8: 둘레 1,800mm × 2(1·2단) × 1(수량) = 3,600mm | E8: 3600 | F8: 1
B9: 소 계 | D9: 3,600mm ÷ 3,600 = 1롤 | F9: 1
A11: ■ 25T×400 (1·2·3단)
B12: 공식: 둘레(mm) × 3 × 수량 → 롤 수: 총 길이 ÷ 7,200mm/롤
B13: 치수 (mm) | C13: 수량 | D13: 계산식 | E13: 길이 (mm) | F13: 롤 수
B14: 250×650 | C14: 1 | D14: 둘레 1,800mm × 3(1·2·3단) × 1(수량) = 5,400mm | E14: 5400 | F14: 1
B15: 소 계 | D15: 5,400mm ÷ 7,200 = 1롤 | F15: 1
A17: ▶ 최종 합계
B18: 50T×400×3.6M | C18: 1롤
B19: 25T×400×7.2M | C19: 1롤

Sheet 2-2.적용단가 계산식
A2: 적용단가 계산식 — ○○현장 (예시)
A4: ▶ 입상 적용단가
B5: 판매단가/M | C5: 217,000원/M
B6: 총 M | C6: 2.400M (예: 600×600 × 2개)
B7: 50T×400 차열재 | C7: 2롤 × 45,000원 = 90,000원
B8: 25T×400 차열재 | C8: 1롤 × 35,000원 = 35,000원
B9: 차열재 합계 | C9: 125,000원
B11: (217,000 × 2.400 - 125,000) ÷ 2.400 = 164,833원/M → 천원 단위 반올림 | F11: 164,000원/M
A13: ▶ 벽체 적용단가
B14: 판매단가/M | C14: 150,000원/M
B15: 총 M | C15: 3.600M (예: 900×900 × 2개)
B16: 50T×400 차열재 | C16: 4롤 × 45,000원 = 180,000원
B17: 차열재 합계 | C17: 180,000원
B19: (150,000 × 3.600 - 180,000) ÷ 3.600 = 100,000원/M → 천원 단위 반올림 | F19: 100,000원/M
A22: ※ 위 수치는 예시입니다. 실제 수주서 저장 시 자동으로 업데이트됩니다.

Sheet 3.견적서
A2: 탑 디뉴스 ( Total Of fireProof Material )
A4: 견 적 서
B9: ='1.발주접수'!$C$5 -> 피앤지 | F9: 귀중 | H9: 주식회사 탑디뉴스 대표 이민수
B11: 견 적 번 호 | C11: =TEXT(C12,"yyyy-mm-dd") -> 2026-05-19 | H11: 경기도 화성시 동탄대로 636-3, C동 1206호
B12: 견 적 일 자 | C12: ='1.발주접수'!$C$6 -> 46161 | H12: t) 010-8884-4742 f) 031-8056-9544
B13: 현 장 명 | C13: ='1.발주접수'!$C$8 -> 현장명 | H13: e-mail) topdi@topdignus.co.kr
B15: 하기와 같이 프로화이어 사각덕트를 견적합니다. | H15: 입상
H16: 벽체
H17: 전체길이
B18: ="[납품금액]"&"一金"&NUMBERSTRING(I38,1)&"원정" -> [납품금액]一金영원정 | I18: 부가세 별도
A19: 번호 | B19: 구분 | C19: 규격 | D19: 단위 | E19: 수량 | F19: M/개 | G19: 단가 | H19: 금액 | I19: 비고
A20: 1 | B20: 사각덕트 입상 | C20: 250×650 | D20: SET | E20: 1 | F20: 1.8 | G20: 162000 | H20: 291600 | I20: 비고비고
A21: =A20+1 -> 2 | B21: 50T×400×3.6M | D21: 롤 | E21: 1 | G21: 50000 | H21: 50000
A22: =A21+1 -> 3 | B22: 25T×400×7.2M | D22: 롤 | E22: 1 | G22: 48000 | H22: 48000
A23: =A22+1 -> 4
A24: =A23+1 -> 5
A25: =A24+1 -> 6
A26: =A25+1 -> 7
A27: =A26+1 -> 8
A28: =A27+1 -> 9
A29: =A28+1 -> 10
A30: =A29+1 -> 11
A31: =A30+1 -> 12
A32: =A31+1 -> 13
A33: =A32+1 -> 14
A34: =A33+1 -> 15
... A36: =A35+1 -> 17
A37: =A36+1 -> 18 | B37: 운임비 | E37: 1 | H37: =E37*G37 -> 0
A38: =A37+1 -> 19 | B38: 계 | H38: =SUM(H20:H37) -> 389600
A39: NOTE
A40: 1. 납품소요기간(발주서 접수후 1~2주일), 주문량에 따라 변경 될 수 있음
A41: 2. 입상 (내화보드+ 내화채움 연결소켓 + 가스켓 ), 벽체(내화보드)는 set로 공급하고, 차열재는 롤 단위로 공급
A42: 3. 차열재 수량을 확인후 발주 - 반품 불가
A43: 4. 인정제품은 반품이 불가하므로 확인후 발주 요함
A44: 5. 개구부와 덕트 간격이 50mm 가 넘으면 시공불가(인정서 범위 준수)

Sheet 4.거래명세서
A2: 탑 디뉴스 ( Total Of fireProof Material )
A4: 거 래 명 세 서
B9: ='1.발주접수'!$C$5 -> 피앤지 | F9: 귀중 | H9: 주식회사 탑디뉴스 대표 이민수
B11: 견 적 번 호 | C11: =TEXT(C12,"yyyy-mm-dd") -> 2026-05-19 | H11: 경기도 화성시 동탄대로 636-3, C동 1206호
B12: 견 적 일 자 | C12: ='1.발주접수'!$C$6 -> 46161 | H12: t) 010-8884-4742 f) 031-8056-9544
B13: 현 장 명 | C13: ='1.발주접수'!$C$8 -> 현장명 | H13: e-mail) topdi@topdignus.co.kr
H15: 입상
H16: 벽체
H17: 전체길이
B18: ="[납품금액]"&"一金"&NUMBERSTRING(H38,1)&"원정" -> [납품금액]一金삼십팔만구천육백원정 | I18: 부가세 별도
A19: 번호 | B19: 구분 | C19: 규격 | D19: 단위 | E19: 수량 | F19: M/개 | G19: 단가 | H19: 금액 | I19: 비고
A20: 1 | B20: 사각덕트 입상 | C20: 250×650 | D20: SET | E20: 1 | F20: 1.8 | G20: 162000 | H20: 291600 | I20: 비고비고
A21: =A20+1 -> 2 | B21: 50T×400×3.6M | D21: 롤 | E21: 1 | G21: 50000 | H21: 50000
A22: =A21+1 -> 3 | B22: 25T×400×7.2M | D22: 롤 | E22: 1 | G22: 48000 | H22: 48000
A23: =A22+1 -> 4
A24: =A23+1 -> 5
A25: =A24+1 -> 6
A26: =A25+1 -> 7
A27: =A26+1 -> 8
A28: =A27+1 -> 9
A29: =A28+1 -> 10
A30: =A29+1 -> 11
A31: =A30+1 -> 12
A32: =A31+1 -> 13
A33: =A32+1 -> 14
A34: =A33+1 -> 15
... A36: =A35+1 -> 17
A37: =A36+1 -> 18 | B37: 운임비 | E37: 1 | H37: =E37*G37 -> 0
A38: =A37+1 -> 19 | B38: 계 | H38: =SUM(H20:H37) -> 389600
A39: NOTE
A40: 1. 납품소요기간(발주서 접수후 1~2주일), 주문량에 따라 변경 될 수 있음
A41: 2. 입상 (내화보드+ 내화채움 연결소켓 + 가스켓 ), 벽체(내화보드)는 set로 공급하고, 차열재는 롤 단위로 공급
A42: 3. 차열재 수량을 확인후 발주 - 반품 불가
A43: 4. 인정제품은 반품이 불가하므로 확인후 발주 요함
A44: 5. 개구부와 덕트 간격이 50mm 가 넘으면 시공불가(인정서 범위 준수)

Sheet 5.발주서 
A2: 탑 디뉴스 ( Total Of fireProof Material )
A4: 발 주 서
A5: 사 각 덕 트
B6: 입상 | C6: =SUMIF($B$17:$B$38,B6,$E$17:$E$38) -> 0 | G6: 벽체 | H6: =SUMIF($B$17:$B$38,G6,$E$17:$E$38) -> 0
B8: 프로화이어 | C8: 귀중 | F8: 발주사 | G8: ='1.발주접수'!$C$5 -> 피앤지
B9: 발주번호 | C9: =TEXT(C10,"yyyy-mm-dd") -> 2026-05-19 | F9: 현 장 주 소 | G9: ='1.발주접수'!$C$10 -> 주소
B10: 발주일자 | C10: ='1.발주접수'!$C$6 -> 46161 | F10: 납품장소 | G10: ='1.발주접수'!$C$9 -> 납품장소
B11: 입고일자 | C11: ='1.발주접수'!$C$7 -> 46163 | F11: 인수자 | G11: ='1.발주접수'!$C$11 -> 인수자
B12: 현 장 명 | C12: ='1.발주접수'!$C$8 -> 현장명 | G12: ='1.발주접수'!$C$12 -> 010-1111-1111
A14: 하기와 같이 발주하오니 지정 기일내 납품을 부탁드립니다. 특이사항이 발생시 연락주시면 감사하겠습니다.
A16: 번호 | B16: 구분 | C16: 규격 | D16: 단위 | E16: 수량 | F16: M/개 | G16: 비고
A17: 1
A18: =A17+1 -> 2
A19: =A18+1 -> 3
A20: =A19+1 -> 4
A21: =A20+1 -> 5
A22: =A21+1 -> 6
A23: =A22+1 -> 7
A24: =A23+1 -> 8
A25: =A24+1 -> 9
A26: =A25+1 -> 10
A27: =A26+1 -> 11
A28: =A27+1 -> 12
A29: =A28+1 -> 13
... A35: =A34+1 -> 19
